month,freq,excess,industry
1,10,0.063523355,汽车服务Ⅱ
1,9,0.031438659,化学原料
1,9,0.043268846,仪器仪表Ⅱ
1,9,0.06934333,计算机设备Ⅱ
1,9,0.033844919,综合Ⅱ
1,8,0.084735995,动物保健Ⅱ
1,8,0.031770056,钢铁Ⅱ
1,8,0.07886807,元件Ⅱ
1,8,0.068708059,通信设备
1,8,0.028548971,造纸Ⅱ
1,8,0.049040738,专业零售
1,8,0.051610956,酒店Ⅱ
1,8,0.10493532,通信运营Ⅱ
1,8,0.054565037,玻璃制造Ⅱ
1,8,0.069407118,电气自动化设备
1,8,0.048133233,电源设备
1,8,0.052301508,文化传媒
1,7,0.096461304,石油开采Ⅱ
1,7,0.0440463,化学制品
1,7,0.07507154,金属非金属新材料
1,7,0.184195076,运输设备Ⅱ
1,7,0.017148047,其他电子Ⅱ
1,7,0.054864573,视听器材
1,7,0.087438061,食品加工
1,7,0.022966124,服装家纺
1,7,0.048280398,医疗器械Ⅱ
1,7,0.042418909,公交Ⅱ
1,7,0.071800938,机场Ⅱ
1,7,0.03864041,航运Ⅱ
1,7,0.045906321,园区开发Ⅱ
1,7,0.098800273,证券Ⅱ
1,7,0.032193865,餐饮Ⅱ
1,7,0.12447111,计算机应用
1,7,0.103199667,地面兵装Ⅱ
1,6,0.024319493,林业Ⅱ
1,6,0.083735443,饲料Ⅱ
1,6,0.096036435,种植业
1,6,0.042786606,化学纤维
1,6,0.032708236,塑料Ⅱ
1,6,0.045782682,橡胶
1,6,0.073014368,稀有金属
1,6,0.046848344,通用机械
1,6,0.077148676,半导体
1,6,0.07247523,光学光电子
1,6,0.056902007,汽车零部件Ⅱ
1,6,0.03850571,汽车整车
1,6,0.019886954,家用轻工
1,6,0.059832179,医药商业Ⅱ
1,6,0.035837498,中药Ⅱ
1,6,0.032040567,水务Ⅱ
1,6,0.066091774,航空运输Ⅱ
1,6,0.037729811,高速公路Ⅱ
1,6,0.031824124,银行Ⅱ
1,6,0.027226943,贸易Ⅱ
1,6,0.038150942,一般零售
1,6,0.064340716,景点
1,6,0.017580086,水泥制造Ⅱ
1,6,0.047192291,其他建材Ⅱ
1,6,0.067864121,电机Ⅱ
1,6,0.04751924,航空装备Ⅱ
1,6,0.216737909,互联网传媒
1,5,0.051719191,畜禽养殖Ⅱ
1,5,0.068555381,煤炭开采Ⅱ
1,5,0.154591559,其他采掘Ⅱ
1,5,0.086080334,工业金属
1,5,0.045760812,专用设备
1,5,0.074090158,电子制造Ⅱ
1,5,0.029160101,纺织制造
1,5,0.030354564,化学制药
1,5,0.045472844,生物制品Ⅱ
1,5,0.013184339,电力
1,5,0.043288894,环保工程及服务Ⅱ
1,5,0.048209022,港口Ⅱ
1,5,0.043756752,铁路运输Ⅱ
1,5,0.039717226,物流Ⅱ
1,5,0.038738776,房地产开发Ⅱ
1,5,0.083587177,旅游综合Ⅱ
1,4,0.076748341,农产品加工
1,4,0.113517811,农业综合Ⅱ
1,4,0.05865652,白色家电
1,4,0.036117098,包装印刷Ⅱ
1,4,0.086475008,多元金融Ⅱ
1,4,0.034703533,其他交运设备Ⅱ
1,3,0.100955609,渔业
1,3,0.031713978,石油化工
1,3,0.038088891,饮料制造
1,3,0.041829883,高低压设备
2,11,0.042744078,化学纤维
2,11,0.032967893,贸易Ⅱ
2,11,0.04606586,其他交运设备Ⅱ
2,10,0.040347079,农产品加工
2,10,0.04217435,物流Ⅱ
2,10,0.038520171,水泥制造Ⅱ
2,10,0.079955404,地面兵装Ⅱ
2,9,0.059139371,农业综合Ⅱ
2,9,0.048929978,畜禽养殖Ⅱ
2,9,0.047852967,其他采掘Ⅱ
2,9,0.048673017,化学原料
2,9,0.063080505,橡胶
2,9,0.055100764,工业金属
2,9,0.044066916,仪器仪表Ⅱ
2,9,0.03178569,汽车零部件Ⅱ
2,9,0.061597933,环保工程及服务Ⅱ
2,9,0.027264374,景点
2,9,0.047767916,综合Ⅱ
2,8,0.107564992,饲料Ⅱ
2,8,0.022456402,渔业
2,8,0.023184957,钢铁Ⅱ
2,8,0.04734834,金属非金属新材料
2,8,0.059528424,运输设备Ⅱ
2,8,0.047880373,汽车服务Ⅱ
2,8,0.05894565,汽车整车
2,8,0.051304155,视听器材
2,8,0.037979674,公交Ⅱ
2,8,0.02520057,房地产开发Ⅱ
2,8,0.050073114,玻璃制造Ⅱ
2,7,0.040011021,塑料Ⅱ
2,7,0.053809265,稀有金属
2,7,0.031454331,通用机械
2,7,0.062249242,光学光电子
2,7,0.035663804,电子制造Ⅱ
2,7,0.052487175,白色家电
2,7,0.039410416,服装家纺
2,7,0.03189815,造纸Ⅱ
2,7,0.031519817,生物制品Ⅱ
2,7,0.021441534,电力
2,7,0.052683782,多元金融Ⅱ
2,7,0.058379718,电机Ⅱ
2,7,0.030757569,高低压设备
2,7,0.053307195,航空装备Ⅱ
2,7,0.147922583,互联网传媒
2,6,0.023068952,林业Ⅱ
2,6,0.093098939,种植业
2,6,0.021886739,动物保健Ⅱ
2,6,0.039041955,化学制品
2,6,0.025938135,石油化工
2,6,0.021795978,专用设备
2,6,0.051459344,半导体
2,6,0.044771551,元件Ⅱ
2,6,0.03379115,计算机设备Ⅱ
2,6,0.044057342,通信设备
2,6,0.057067367,纺织制造
2,6,0.062298482,包装印刷Ⅱ
2,6,0.017619994,家用轻工
2,6,0.02166664,化学制药
2,6,0.047799021,医疗器械Ⅱ
2,6,0.046324727,医药商业Ⅱ
2,6,0.042105451,高速公路Ⅱ
2,6,0.014949819,航运Ⅱ
2,6,0.041763693,铁路运输Ⅱ
2,6,0.020138393,一般零售
2,6,0.034755136,专业零售
2,6,0.044036532,餐饮Ⅱ
2,6,0.062841603,酒店Ⅱ
2,6,0.044770635,旅游综合Ⅱ
2,6,0.077618857,其他建材Ⅱ
2,6,0.048445575,电源设备
2,5,0.037277004,煤炭开采Ⅱ
2,5,0.036357738,其他电子Ⅱ
2,5,0.023159974,食品加工
2,5,0.030891015,港口Ⅱ
2,5,0.028625427,园区开发Ⅱ
2,5,0.036782437,计算机应用
2,5,0.022970391,电气自动化设备
2,4,0.07759965,石油开采Ⅱ
2,4,0.027744951,饮料制造
2,4,0.031749606,中药Ⅱ
2,4,0.059211916,水务Ⅱ
2,4,0.020476362,机场Ⅱ
2,4,0.01224346,文化传媒
2,3,0.037681227,证券Ⅱ
2,2,0.063077912,航空运输Ⅱ
2,2,0.016578034,银行Ⅱ
2,2,0.261745619,通信运营Ⅱ
3,10,0.037974612,酒店Ⅱ
3,9,0.049669872,煤炭开采Ⅱ
3,8,0.030708061,农产品加工
3,8,0.028810423,化学制品
3,8,0.038311665,金属非金属新材料
3,8,0.046437685,仪器仪表Ⅱ
3,8,0.106310586,电子制造Ⅱ
3,8,0.05920442,汽车服务Ⅱ
3,8,0.053804243,纺织制造
3,8,0.050517941,包装印刷Ⅱ
3,8,0.043929234,铁路运输Ⅱ
3,8,0.056320081,物流Ⅱ
3,8,0.062205061,房地产开发Ⅱ
3,8,0.123135512,玻璃制造Ⅱ
3,8,0.031344941,航空装备Ⅱ
3,7,0.047276484,塑料Ⅱ
3,7,0.04908765,橡胶
3,7,0.084112668,稀有金属
3,7,0.026134743,专用设备
3,7,0.018130383,家用轻工
3,7,0.050901873,园区开发Ⅱ
3,7,0.048950279,银行Ⅱ
3,7,0.033588752,贸易Ⅱ
3,7,0.055167863,景点
3,7,0.039898962,旅游综合Ⅱ
3,6,0.040085387,畜禽养殖Ⅱ
3,6,0.046975494,化学纤维
3,6,0.018604991,石油化工
3,6,0.080504704,工业金属
3,6,0.013852276,通用机械
3,6,0.046631661,光学光电子
3,6,0.019676394,白色家电
3,6,0.026811887,饮料制造
3,6,0.044240533,服装家纺
3,6,0.029119857,造纸Ⅱ
3,6,0.019790421,化学制药
3,6,0.0202029,水务Ⅱ
3,6,0.093928251,港口Ⅱ
3,6,0.049930075,航空运输Ⅱ
3,6,0.076655523,多元金融Ⅱ
3,6,0.065420538,证券Ⅱ
3,6,0.031476521,餐饮Ⅱ
3,6,0.027590316,水泥制造Ⅱ
3,6,0.054005977,互联网传媒
3,5,0.021393949,林业Ⅱ
3,5,0.113424527,其他采掘Ⅱ
3,5,0.045073544,化学原料
3,5,0.051650071,其他电子Ⅱ
3,5,0.041084523,元件Ⅱ
3,5,0.054578503,汽车零部件Ⅱ
3,5,0.038028308,计算机设备Ⅱ
3,5,0.032994065,医疗器械Ⅱ
3,5,0.019476722,电力
3,5,0.036615749,环保工程及服务Ⅱ
3,5,0.054137824,公交Ⅱ
3,5,0.062946778,航运Ⅱ
3,5,0.028214002,一般零售
3,5,0.055556866,专业零售
3,5,0.091130242,其他建材Ⅱ
3,5,0.061896877,电机Ⅱ
3,5,0.074786644,电气自动化设备
3,5,0.03749773,电源设备
3,5,0.071685421,高低压设备
3,5,0.013659732,文化传媒
3,5,0.098060513,其他交运设备Ⅱ
3,4,0.085420468,饲料Ⅱ
3,4,0.028330462,渔业
3,4,0.032806453,钢铁Ⅱ
3,4,0.073564227,半导体
3,4,0.047618557,汽车整车
3,4,0.008116637,生物制品Ⅱ
3,4,0.029256027,医药商业Ⅱ
3,4,0.052900212,高速公路Ⅱ
3,4,0.059147615,综合Ⅱ
3,4,0.1181017,地面兵装Ⅱ
3,3,0.009996441,农业综合Ⅱ
3,3,0.043067156,种植业
3,3,0.032609757,石油开采Ⅱ
3,3,0.031379721,通信设备
3,3,0.026540713,视听器材
3,3,0.036896676,食品加工
3,3,0.019158219,中药Ⅱ
3,3,0.087453247,机场Ⅱ
3,3,0.015639507,计算机应用
3,2,0.022732935,动物保健Ⅱ
3,2,0.048759761,运输设备Ⅱ
3,1,0.041233545,通信运营Ⅱ
4,9,0.04258913,动物保健Ⅱ
4,9,0.018091686,石油化工
4,9,0.047214127,化学制药
4,9,0.05986874,中药Ⅱ
4,9,0.040122685,一般零售
4,9,0.041017073,专业零售
4,9,0.075659143,通信运营Ⅱ
4,8,0.074134361,煤炭开采Ⅱ
4,8,0.016675484,化学原料
4,8,0.029224556,汽车零部件Ⅱ
4,8,0.053173422,电力
4,8,0.036200884,文化传媒
4,7,0.058004207,医药商业Ⅱ
4,7,0.125742775,公交Ⅱ
4,7,0.069669273,航运Ⅱ
4,7,0.053080108,电机Ⅱ
4,6,0.082341485,农业综合Ⅱ
4,6,0.077382202,饲料Ⅱ
4,6,0.017612694,通用机械
4,6,0.051691398,其他电子Ⅱ
4,6,0.035451356,元件Ⅱ
4,6,0.10096458,电子制造Ⅱ
4,6,0.075642684,汽车服务Ⅱ
4,6,0.058485259,汽车整车
4,6,0.053494786,计算机设备Ⅱ
4,6,0.050881296,视听器材
4,6,0.048878452,饮料制造
4,6,0.054183048,食品加工
4,6,0.026583295,造纸Ⅱ
4,6,0.041047286,生物制品Ⅱ
4,6,0.040644931,医疗器械Ⅱ
4,6,0.065468376,铁路运输Ⅱ
4,6,0.079384451,银行Ⅱ
4,6,0.183851955,证券Ⅱ
4,6,0.073110609,贸易Ⅱ
4,6,0.04938908,电源设备
4,5,0.035019365,渔业
4,5,0.029978856,石油开采Ⅱ
4,5,0.031313887,塑料Ⅱ
4,5,0.077749703,橡胶
4,5,0.044698948,钢铁Ⅱ
4,5,0.071464547,稀有金属
4,5,0.080851978,工业金属
4,5,0.027288377,仪器仪表Ⅱ
4,5,0.025099974,专用设备
4,5,0.064718319,白色家电
4,5,0.033144012,港口Ⅱ
4,5,0.075243311,航空运输Ⅱ
4,5,0.058415945,机场Ⅱ
4,5,0.086792838,物流Ⅱ
4,5,0.179542932,多元金融Ⅱ
4,5,0.03926831,餐饮Ⅱ
4,5,0.032736499,计算机应用
4,5,0.095129472,水泥制造Ⅱ
4,5,0.061498631,玻璃制造Ⅱ
4,5,0.076870506,电气自动化设备
4,5,0.040687432,高低压设备
4,5,0.029028483,航空装备Ⅱ
4,5,0.034288282,互联网传媒
4,5,0.078622915,其他交运设备Ⅱ
4,4,0.04042246,林业Ⅱ
4,4,0.031375485,化学制品
4,4,0.075410987,金属非金属新材料
4,4,0.009657484,运输设备Ⅱ
4,4,0.043518701,光学光电子
4,4,0.07553644,纺织制造
4,4,0.081680925,服装家纺
4,4,0.027397149,包装印刷Ⅱ
4,4,0.015766698,家用轻工
4,4,0.062101777,环保工程及服务Ⅱ
4,4,0.044640578,高速公路Ⅱ
4,4,0.012671862,房地产开发Ⅱ
4,4,0.044782093,园区开发Ⅱ
4,4,0.086547059,景点
4,4,0.028059731,酒店Ⅱ
4,3,0.057139565,农产品加工
4,3,0.091597005,种植业
4,3,0.062324385,畜禽养殖Ⅱ
4,3,0.099071749,其他采掘Ⅱ
4,3,0.082752946,化学纤维
4,3,0.082958707,水务Ⅱ
4,3,0.027747222,旅游综合Ⅱ
4,3,0.086391039,综合Ⅱ
4,3,0.037823301,其他建材Ⅱ
4,2,0.038700223,通信设备
4,2,0.007391232,地面兵装Ⅱ
4,1,0.028589001,半导体
5,10,0.045853688,仪器仪表Ⅱ
5,9,0.057945875,畜禽养殖Ⅱ
5,9,0.050495136,动物保健Ⅱ
5,9,0.020735559,化学原料
5,8,0.0431485,饲料Ⅱ
5,8,0.113494191,其他采掘Ⅱ
5,8,0.036236724,生物制品Ⅱ
5,8,0.038639283,酒店Ⅱ
5,8,0.02526939,电机Ⅱ
5,7,0.059006845,林业Ⅱ
5,7,0.034244624,农产品加工
5,7,0.038706882,种植业
5,7,0.036422032,金属非金属新材料
5,7,0.022710496,通用机械
5,7,0.028649038,元件Ⅱ
5,7,0.065855177,汽车服务Ⅱ
5,7,0.044981812,汽车整车
5,7,0.041427148,食品加工
5,7,0.040234584,纺织制造
5,7,0.018141171,家用轻工
5,7,0.071174956,专业零售
5,7,0.036893318,综合Ⅱ
5,7,0.048151416,水泥制造Ⅱ
5,7,0.046384112,高低压设备
5,7,0.142761254,地面兵装Ⅱ
5,6,0.088942294,煤炭开采Ⅱ
5,6,0.019991634,化学纤维
5,6,0.048189855,塑料Ⅱ
5,6,0.030520917,钢铁Ⅱ
5,6,0.047911685,稀有金属
5,6,0.038456363,运输设备Ⅱ
5,6,0.028654399,半导体
5,6,0.040752067,光学光电子
5,6,0.044913083,汽车零部件Ⅱ
5,6,0.042890713,计算机设备Ⅱ
5,6,0.0196543,白色家电
5,6,0.036816802,视听器材
5,6,0.042188857,中药Ⅱ
5,6,0.023766175,银行Ⅱ
5,6,0.024010193,一般零售
5,6,0.046537794,餐饮Ⅱ
5,6,0.044293074,景点
5,6,0.038441025,其他建材Ⅱ
5,6,0.034266348,电源设备
5,6,0.120563981,航空装备Ⅱ
5,5,0.037911159,渔业
5,5,0.065050632,石油开采Ⅱ
5,5,0.017949327,化学制品
5,5,0.048982896,石油化工
5,5,0.02332541,橡胶
5,5,0.024791266,工业金属
5,5,0.017253548,专用设备
5,5,0.058407889,其他电子Ⅱ
5,5,0.051032827,通信设备
5,5,0.034821288,饮料制造
5,5,0.016122192,服装家纺
5,5,0.06958532,化学制药
5,5,0.057961967,医药商业Ⅱ
5,5,0.029789499,水务Ⅱ
5,5,0.02961842,港口Ⅱ
5,5,0.018984655,计算机应用
5,5,0.038795815,通信运营Ⅱ
5,5,0.107023529,互联网传媒
5,5,0.023826651,文化传媒
5,4,0.052148576,农业综合Ⅱ
5,4,0.046305192,电子制造Ⅱ
5,4,0.038578866,包装印刷Ⅱ
5,4,0.013771371,造纸Ⅱ
5,4,0.032027231,电力
5,4,0.041825554,公交Ⅱ
5,4,0.010557307,机场Ⅱ
5,4,0.055458992,铁路运输Ⅱ
5,4,0.017698589,物流Ⅱ
5,4,0.03938683,园区开发Ⅱ
5,4,0.068159532,多元金融Ⅱ
5,4,0.11029704,证券Ⅱ
5,4,0.044442716,贸易Ⅱ
5,4,0.062385083,旅游综合Ⅱ
5,4,0.040049997,玻璃制造Ⅱ
5,4,0.087172407,电气自动化设备
5,4,0.059734972,其他交运设备Ⅱ
5,3,0.080559086,医疗器械Ⅱ
5,3,0.031203753,环保工程及服务Ⅱ
5,3,0.03672904,航运Ⅱ
5,3,0.118528091,房地产开发Ⅱ
5,2,0.016760284,航空运输Ⅱ
5,2,0.001900523,高速公路Ⅱ
6,11,0.039306764,饮料制造
6,9,0.035552891,专业零售
6,8,0.02154781,化学制品
6,8,0.024784259,电力
6,8,0.044074507,机场Ⅱ
6,8,0.034328181,铁路运输Ⅱ
6,8,0.022830175,一般零售
6,8,0.026097094,航空装备Ⅱ
6,7,0.069398021,石油开采Ⅱ
6,7,0.031039416,钢铁Ⅱ
6,7,0.058496194,运输设备Ⅱ
6,7,0.033899849,白色家电
6,7,0.048797124,港口Ⅱ
6,7,0.029704089,房地产开发Ⅱ
6,7,0.073646381,银行Ⅱ
6,7,0.083377196,证券Ⅱ
6,7,0.027127392,景点
6,7,0.04419128,旅游综合Ⅱ
6,7,0.030328888,电气自动化设备
6,6,0.037741588,渔业
6,6,0.039204106,畜禽养殖Ⅱ
6,6,0.04371163,煤炭开采Ⅱ
6,6,0.034378619,石油化工
6,6,0.04123768,专用设备
6,6,0.02994687,汽车整车
6,6,0.020908691,生物制品Ⅱ
6,6,0.019192224,环保工程及服务Ⅱ
6,6,0.035628034,水务Ⅱ
6,6,0.025767456,玻璃制造Ⅱ
6,6,0.059613621,电源设备
6,5,0.044236316,工业金属
6,5,0.031100909,通用机械
6,5,0.028087742,半导体
6,5,0.014167044,其他电子Ⅱ
6,5,0.036868489,光学光电子
6,5,0.045568253,电子制造Ⅱ
6,5,0.003966068,汽车零部件Ⅱ
6,5,0.032522614,视听器材
6,5,0.037592272,家用轻工
6,5,0.022932866,中药Ⅱ
6,5,0.058700229,航运Ⅱ
6,5,0.067267878,物流Ⅱ
6,5,0.091275992,多元金融Ⅱ
6,5,0.062600194,餐饮Ⅱ
6,5,0.056178039,通信运营Ⅱ
6,5,0.034070869,水泥制造Ⅱ
6,5,0.053491138,其他建材Ⅱ
6,5,0.042793813,电机Ⅱ
6,5,0.042505652,高低压设备
6,4,0.034484981,林业Ⅱ
6,4,0.051106328,饲料Ⅱ
6,4,0.053076413,种植业
6,4,0.021239305,其他采掘Ⅱ
6,4,0.038106763,化学纤维
6,4,0.02172252,化学原料
6,4,0.027277595,塑料Ⅱ
6,4,0.026298948,橡胶
6,4,0.040525755,稀有金属
6,4,0.015176106,仪器仪表Ⅱ
6,4,0.023086554,元件Ⅱ
6,4,0.023293244,通信设备
6,4,0.063291568,食品加工
6,4,0.021988229,服装家纺
6,4,0.032692856,医疗器械Ⅱ
6,4,0.078106416,医药商业Ⅱ
6,4,0.034281824,公交Ⅱ
6,4,0.079833383,航空运输Ⅱ
6,4,0.033725353,高速公路Ⅱ
6,4,0.028008437,贸易Ⅱ
6,4,0.023933783,计算机应用
6,4,0.062871194,地面兵装Ⅱ
6,4,0.053358831,文化传媒
6,3,0.011327456,农产品加工
6,3,0.02801796,农业综合Ⅱ
6,3,0.058097001,动物保健Ⅱ
6,3,0.011823239,金属非金属新材料
6,3,0.015151177,包装印刷Ⅱ
6,3,0.027340947,化学制药
6,3,0.0304866,园区开发Ⅱ
6,3,0.015912969,酒店Ⅱ
6,3,0.077449821,互联网传媒
6,3,0.016863568,其他交运设备Ⅱ
6,2,0.02829939,汽车服务Ⅱ
6,2,0.031624254,纺织制造
6,2,0.021673781,造纸Ⅱ
6,2,0.00942726,综合Ⅱ
7,10,0.040152011,仪器仪表Ⅱ
7,10,0.036733755,景点
7,9,0.03625152,其他电子Ⅱ
7,9,0.037555465,汽车整车
7,9,0.031842459,饮料制造
7,9,0.047909891,包装印刷Ⅱ
7,8,0.044795146,饲料Ⅱ
7,8,0.038045232,化学纤维
7,8,0.05794635,钢铁Ⅱ
7,8,0.023683902,元件Ⅱ
7,8,0.060483173,航空运输Ⅱ
7,8,0.052427128,机场Ⅱ
7,8,0.03851519,其他建材Ⅱ
7,8,0.076444819,互联网传媒
7,8,0.041597198,文化传媒
7,8,0.061412302,其他交运设备Ⅱ
7,7,0.029693131,农业综合Ⅱ
7,7,0.079204367,渔业
7,7,0.03457234,畜禽养殖Ⅱ
7,7,0.044383951,动物保健Ⅱ
7,7,0.087258635,煤炭开采Ⅱ
7,7,0.02012418,化学制品
7,7,0.04730214,石油化工
7,7,0.057493301,稀有金属
7,7,0.089138459,工业金属
7,7,0.025631428,通用机械
7,7,0.024743899,光学光电子
7,7,0.024746324,汽车零部件Ⅱ
7,7,0.027664922,食品加工
7,7,0.044923693,纺织制造
7,7,0.038443268,造纸Ⅱ
7,7,0.042708827,水务Ⅱ
7,7,0.017267934,高速公路Ⅱ
7,7,0.074226307,物流Ⅱ
7,7,0.063615275,房地产开发Ⅱ
7,7,0.051768029,园区开发Ⅱ
7,7,0.038803751,多元金融Ⅱ
7,7,0.044669167,贸易Ⅱ
7,7,0.060196129,餐饮Ⅱ
7,7,0.024633233,综合Ⅱ
7,7,0.05672531,航空装备Ⅱ
7,7,0.060911487,地面兵装Ⅱ
7,6,0.06665964,其他采掘Ⅱ
7,6,0.041169165,石油开采Ⅱ
7,6,0.032600829,化学原料
7,6,0.027835245,塑料Ⅱ
7,6,0.04492252,专用设备
7,6,0.077995116,电子制造Ⅱ
7,6,0.030447244,服装家纺
7,6,0.050408165,化学制药
7,6,0.067219222,航运Ⅱ
7,6,0.042255469,酒店Ⅱ
7,6,0.051274564,玻璃制造Ⅱ
7,6,0.023020624,电源设备
7,6,0.031029216,高低压设备
7,5,0.009167952,种植业
7,5,0.044964272,金属非金属新材料
7,5,0.053743212,半导体
7,5,0.022112587,通信设备
7,5,0.036997629,白色家电
7,5,0.068372693,家用轻工
7,5,0.069429564,医疗器械Ⅱ
7,5,0.039854629,环保工程及服务Ⅱ
7,5,0.066666406,港口Ⅱ
7,5,0.035642995,公交Ⅱ
7,5,0.059686634,证券Ⅱ
7,5,0.023017341,一般零售
7,5,0.034671159,旅游综合Ⅱ
7,4,0.064209568,农产品加工
7,4,0.079792752,橡胶
7,4,0.047858435,运输设备Ⅱ
7,4,0.059325464,汽车服务Ⅱ
7,4,0.029819935,计算机设备Ⅱ
7,4,0.030300974,生物制品Ⅱ
7,4,0.025847704,中药Ⅱ
7,4,0.021939481,电力
7,4,0.030405154,铁路运输Ⅱ
7,4,0.045483305,银行Ⅱ
7,4,0.025783862,专业零售
7,4,0.01471217,计算机应用
7,4,0.050981678,水泥制造Ⅱ
7,4,0.059342487,电机Ⅱ
7,4,0.07146234,电气自动化设备
7,3,0.128879856,林业Ⅱ
7,3,0.038032854,视听器材
7,3,0.055499368,通信运营Ⅱ
7,2,0.054193544,医药商业Ⅱ
8,11,0.033891281,酒店Ⅱ
8,10,0.058803372,林业Ⅱ
8,10,0.066180628,景点
8,9,0.051136291,渔业
8,9,0.027613098,汽车零部件Ⅱ
8,9,0.033902569,物流Ⅱ
8,8,0.055706099,农业综合Ⅱ
8,8,0.048749592,饲料Ⅱ
8,8,0.057843845,种植业
8,8,0.048037584,畜禽养殖Ⅱ
8,8,0.023451661,通用机械
8,8,0.026683107,专用设备
8,8,0.126596223,电子制造Ⅱ
8,8,0.045155912,中药Ⅱ
8,8,0.050501994,一般零售
8,8,0.075242444,旅游综合Ⅱ
8,8,0.02596219,综合Ⅱ
8,8,0.05288575,航空装备Ⅱ
8,7,0.074757693,动物保健Ⅱ
8,7,0.028195507,化学原料
8,7,0.029299986,化学制品
8,7,0.017391796,石油化工
8,7,0.020412547,塑料Ⅱ
8,7,0.095921762,橡胶
8,7,0.062229596,仪器仪表Ⅱ
8,7,0.034708008,元件Ⅱ
8,7,0.036488253,通信设备
8,7,0.053043875,食品加工
8,7,0.028781945,纺织制造
8,7,0.03284838,服装家纺
8,7,0.025208937,包装印刷Ⅱ
8,7,0.057990194,家用轻工
8,7,0.059869107,化学制药
8,7,0.065914829,医药商业Ⅱ
8,7,0.044533381,机场Ⅱ
8,7,0.046970506,多元金融Ⅱ
8,7,0.074772445,证券Ⅱ
8,7,0.053452026,专业零售
8,7,0.038705846,计算机应用
8,7,0.050088265,电机Ⅱ
8,7,0.056996816,电气自动化设备
8,7,0.025488176,电源设备
8,6,0.05472185,其他采掘Ⅱ
8,6,0.06767181,金属非金属新材料
8,6,0.068114794,运输设备Ⅱ
8,6,0.046876031,半导体
8,6,0.028193753,光学光电子
8,6,0.03363784,环保工程及服务Ⅱ
8,6,0.012454301,航运Ⅱ
8,6,0.032780807,铁路运输Ⅱ
8,6,0.033536562,房地产开发Ⅱ
8,6,0.064936069,银行Ⅱ
8,6,0.02349811,贸易Ⅱ
8,6,0.041050269,餐饮Ⅱ
8,6,0.041896825,水泥制造Ⅱ
8,6,0.042470118,高低压设备
8,6,0.062900522,地面兵装Ⅱ
8,6,0.049985443,互联网传媒
8,5,0.056835391,农产品加工
8,5,0.031293513,石油开采Ⅱ
8,5,0.060140105,其他电子Ⅱ
8,5,0.056202136,汽车服务Ⅱ
8,5,0.028558923,汽车整车
8,5,0.026702395,计算机设备Ⅱ
8,5,0.029536425,白色家电
8,5,0.070984049,饮料制造
8,5,0.042207474,造纸Ⅱ
8,5,0.058380899,医疗器械Ⅱ
8,5,0.039777379,公交Ⅱ
8,5,0.074278937,玻璃制造Ⅱ
8,5,0.020127913,文化传媒
8,4,0.038100359,化学纤维
8,4,0.107444023,稀有金属
8,4,0.013732187,视听器材
8,4,0.065551948,生物制品Ⅱ
8,4,0.010126159,电力
8,4,0.015162477,水务Ⅱ
8,4,0.045981992,港口Ⅱ
8,4,0.109768579,航空运输Ⅱ
8,4,0.032502006,高速公路Ⅱ
8,4,0.023411201,其他建材Ⅱ
8,4,0.053843066,其他交运设备Ⅱ
8,3,0.066713907,工业金属
8,3,0.022715226,园区开发Ⅱ
8,3,0.037624406,通信运营Ⅱ
8,2,0.025096271,煤炭开采Ⅱ
8,2,0.094790349,钢铁Ⅱ
9,9,0.054561329,金属非金属新材料
9,9,0.03217417,专用设备
9,9,0.048632646,汽车整车
9,9,0.026025271,中药Ⅱ
9,9,0.081481324,铁路运输Ⅱ
9,8,0.066860936,煤炭开采Ⅱ
9,8,0.074008547,其他采掘Ⅱ
9,8,0.099396637,稀有金属
9,8,0.048170009,运输设备Ⅱ
9,8,0.040206636,半导体
9,8,0.044291044,通信设备
9,8,0.02722727,饮料制造
9,8,0.016153803,园区开发Ⅱ
9,8,0.062401957,证券Ⅱ
9,8,0.030059686,贸易Ⅱ
9,8,0.032738151,景点
9,8,0.039556528,电源设备
9,8,0.031296919,文化传媒
9,7,0.046863778,石油化工
9,7,0.024875476,塑料Ⅱ
9,7,0.051707915,工业金属
9,7,0.024359778,通用机械
9,7,0.057240136,电子制造Ⅱ
9,7,0.031528675,汽车零部件Ⅱ
9,7,0.026302228,港口Ⅱ
9,7,0.004084663,公交Ⅱ
9,7,0.030809399,机场Ⅱ
9,7,0.026743173,计算机应用
9,7,0.122649518,通信运营Ⅱ
9,7,0.06106767,电气自动化设备
9,7,0.056120935,高低压设备
9,7,0.054944894,航空装备Ⅱ
9,7,0.040824853,地面兵装Ⅱ
9,6,0.047394927,林业Ⅱ
9,6,0.035798481,动物保健Ⅱ
9,6,0.065100794,石油开采Ⅱ
9,6,0.036384022,化学纤维
9,6,0.020636849,化学原料
9,6,0.017575035,橡胶
9,6,0.032153534,钢铁Ⅱ
9,6,0.055800396,仪器仪表Ⅱ
9,6,0.038816531,白色家电
9,6,0.057360337,食品加工
9,6,0.010860407,纺织制造
9,6,0.0212817,服装家纺
9,6,0.035308465,包装印刷Ⅱ
9,6,0.024190424,化学制药
9,6,0.035659216,生物制品Ⅱ
9,6,0.038411124,医疗器械Ⅱ
9,6,0.056541496,医药商业Ⅱ
9,6,0.076937652,航空运输Ⅱ
9,6,0.070381071,餐饮Ⅱ
9,6,0.026829845,旅游综合Ⅱ
9,6,0.05073532,其他建材Ⅱ
9,6,0.08962711,电机Ⅱ
9,5,0.051908033,农业综合Ⅱ
9,5,0.028138654,种植业
9,5,0.025059619,化学制品
9,5,0.044117097,其他电子Ⅱ
9,5,0.022343073,造纸Ⅱ
9,5,0.031768697,电力
9,5,0.095212314,航运Ⅱ
9,5,0.054968328,多元金融Ⅱ
9,5,0.029098611,一般零售
9,5,0.065248515,专业零售
9,5,0.01710303,水泥制造Ⅱ
9,5,0.037209072,玻璃制造Ⅱ
9,4,0.039056188,农产品加工
9,4,0.042712547,饲料Ⅱ
9,4,0.048336184,渔业
9,4,0.009651783,元件Ⅱ
9,4,0.054730101,光学光电子
9,4,0.037439046,计算机设备Ⅱ
9,4,0.032250888,家用轻工
9,4,0.021773272,高速公路Ⅱ
9,4,0.115308173,物流Ⅱ
9,4,0.076782459,银行Ⅱ
9,4,0.021214035,酒店Ⅱ
9,4,0.013874722,其他交运设备Ⅱ
9,3,0.031523123,畜禽养殖Ⅱ
9,3,0.027285272,视听器材
9,3,0.052907131,环保工程及服务Ⅱ
9,3,0.020273527,水务Ⅱ
9,3,0.03134406,房地产开发Ⅱ
9,3,0.016119293,综合Ⅱ
9,3,0.151706711,互联网传媒
9,2,0.009631265,汽车服务Ⅱ
10,9,0.034434995,白色家电
10,8,0.04688909,水务Ⅱ
10,8,0.031461351,航运Ⅱ
10,8,0.069422938,通信运营Ⅱ
10,7,0.117804082,运输设备Ⅱ
10,7,0.01491183,饮料制造
10,7,0.029010858,电力
10,7,0.064231583,银行Ⅱ
10,7,0.043794127,水泥制造Ⅱ
10,7,0.023021213,电机Ⅱ
10,7,0.022541766,其他交运设备Ⅱ
10,6,0.029414772,饲料Ⅱ
10,6,0.027841584,种植业
10,6,0.044607785,钢铁Ⅱ
10,6,0.061067921,稀有金属
10,6,0.042013655,专用设备
10,6,0.027306026,其他电子Ⅱ
10,6,0.036170083,汽车整车
10,6,0.064083318,食品加工
10,6,0.035825832,中药Ⅱ
10,6,0.054964261,航空运输Ⅱ
10,6,0.051263147,机场Ⅱ
10,6,0.039560855,高速公路Ⅱ
10,6,0.038417406,房地产开发Ⅱ
10,6,0.073149396,证券Ⅱ
10,6,0.036002655,其他建材Ⅱ
10,6,0.035807459,高低压设备
10,5,0.054985885,林业Ⅱ
10,5,0.030570826,农产品加工
10,5,0.083263272,煤炭开采Ⅱ
10,5,0.080240422,石油开采Ⅱ
10,5,0.017961696,化学纤维
10,5,0.030908693,化学制品
10,5,0.079726426,石油化工
10,5,0.03762027,橡胶
10,5,0.028171927,通用机械
10,5,0.078549565,电子制造Ⅱ
10,5,0.039535557,汽车零部件Ⅱ
10,5,0.03218518,视听器材
10,5,0.032348258,包装印刷Ⅱ
10,5,0.031002575,化学制药
10,5,0.046587049,环保工程及服务Ⅱ
10,5,0.052176542,港口Ⅱ
10,5,0.048598499,物流Ⅱ
10,5,0.037564847,园区开发Ⅱ
10,5,0.061356197,电气自动化设备
10,5,0.032319339,航空装备Ⅱ
10,5,0.053737904,互联网传媒
10,4,0.064605168,动物保健Ⅱ
10,4,0.072898926,金属非金属新材料
10,4,0.07907906,工业金属
10,4,0.04796644,半导体
10,4,0.025410137,计算机设备Ⅱ
10,4,0.017825857,通信设备
10,4,0.051232289,生物制品Ⅱ
10,4,0.056450639,多元金融Ⅱ
10,4,0.010119677,一般零售
10,4,0.02972922,餐饮Ⅱ
10,4,0.047920319,景点
10,4,0.006329577,综合Ⅱ
10,4,0.057247936,电源设备
10,4,0.065541869,地面兵装Ⅱ
10,4,0.076891735,文化传媒
10,3,0.019561602,渔业
10,3,0.067328607,畜禽养殖Ⅱ
10,3,0.08178344,其他采掘Ⅱ
10,3,0.025147783,化学原料
10,3,0.061218939,塑料Ⅱ
10,3,0.034677736,光学光电子
10,3,0.052386672,汽车服务Ⅱ
10,3,0.022802152,造纸Ⅱ
10,3,0.086414366,医疗器械Ⅱ
10,3,0.056255735,医药商业Ⅱ
10,3,0.014579484,公交Ⅱ
10,3,0.011275256,贸易Ⅱ
10,3,0.029627952,专业零售
10,3,0.022254243,旅游综合Ⅱ
10,3,0.033938778,计算机应用
10,3,0.014246435,玻璃制造Ⅱ
10,2,0.021699646,农业综合Ⅱ
10,2,0.0209401,仪器仪表Ⅱ
10,2,0.046741882,元件Ⅱ
10,2,0.026311428,纺织制造
10,2,0.022892139,服装家纺
10,2,0.015125762,家用轻工
10,2,0.024937223,铁路运输Ⅱ
10,1,0.02515451,酒店Ⅱ
11,11,0.047181016,光学光电子
11,11,0.072608079,互联网传媒
11,10,0.031861033,家用轻工
11,10,0.045601344,景点
11,9,0.063453539,林业Ⅱ
11,9,0.069415783,农产品加工
11,9,0.04554548,畜禽养殖Ⅱ
11,9,0.018195914,汽车零部件Ⅱ
11,9,0.043710116,生物制品Ⅱ
11,9,0.067244969,医疗器械Ⅱ
11,9,0.070186454,医药商业Ⅱ
11,9,0.04875168,多元金融Ⅱ
11,9,0.062968969,餐饮Ⅱ
11,9,0.073122047,旅游综合Ⅱ
11,9,0.077045529,水泥制造Ⅱ
11,9,0.061228535,玻璃制造Ⅱ
11,9,0.05502702,航空装备Ⅱ
11,9,0.023627589,文化传媒
11,9,0.056231214,其他交运设备Ⅱ
11,8,0.048169149,动物保健Ⅱ
11,8,0.051583369,橡胶
11,8,0.058194827,半导体
11,8,0.073694103,其他电子Ⅱ
11,8,0.033467536,元件Ⅱ
11,8,0.079754327,汽车服务Ⅱ
11,8,0.060097258,饮料制造
11,8,0.049620829,中药Ⅱ
11,8,0.017593853,电力
11,8,0.069174925,航空运输Ⅱ
11,8,0.042382084,铁路运输Ⅱ
11,8,0.054899907,计算机应用
11,8,0.027198962,综合Ⅱ
11,7,0.063918568,渔业
11,7,0.029797065,化学纤维
11,7,0.025138245,化学制品
11,7,0.034303215,塑料Ⅱ
11,7,0.047226438,钢铁Ⅱ
11,7,0.02966928,工业金属
11,7,0.046216572,通用机械
11,7,0.07928687,仪器仪表Ⅱ
11,7,0.030888875,汽车整车
11,7,0.06130222,视听器材
11,7,0.046381999,纺织制造
11,7,0.05513709,包装印刷Ⅱ
11,7,0.060516015,化学制药
11,7,0.12110171,环保工程及服务Ⅱ
11,7,0.063509825,水务Ⅱ
11,7,0.042654922,房地产开发Ⅱ
11,7,0.039964454,园区开发Ⅱ
11,7,0.066888364,通信运营Ⅱ
11,7,0.047922875,电机Ⅱ
11,7,0.071219227,高低压设备
11,6,0.054335039,农业综合Ⅱ
11,6,0.069264007,其他采掘Ⅱ
11,6,0.050949414,化学原料
11,6,0.042384786,石油化工
11,6,0.049499868,专用设备
11,6,0.114115925,运输设备Ⅱ
11,6,0.075430592,电子制造Ⅱ
11,6,0.050387195,计算机设备Ⅱ
11,6,0.062107316,通信设备
11,6,0.067364913,食品加工
11,6,0.024827287,服装家纺
11,6,0.024653198,造纸Ⅱ
11,6,0.031192454,高速公路Ⅱ
11,6,0.037264096,酒店Ⅱ
11,6,0.14140681,电气自动化设备
11,6,0.070782586,电源设备
11,5,0.076343261,饲料Ⅱ
11,5,0.070737579,种植业
11,5,0.04491212,金属非金属新材料
11,5,0.033757935,白色家电
11,5,0.040072598,公交Ⅱ
11,5,0.049992728,物流Ⅱ
11,5,0.054769093,证券Ⅱ
11,5,0.056802924,一般零售
11,5,0.109289664,专业零售
11,5,0.078433369,其他建材Ⅱ
11,4,0.032927659,石油开采Ⅱ
11,4,0.023046429,港口Ⅱ
11,4,0.02608528,机场Ⅱ
11,4,0.040963078,银行Ⅱ
11,4,0.027190532,贸易Ⅱ
11,4,0.114028786,地面兵装Ⅱ
11,3,0.056170361,煤炭开采Ⅱ
11,3,0.031552896,航运Ⅱ
11,2,0.030494624,稀有金属
12,9,0.049071182,其他电子Ⅱ
12,9,0.043588908,饮料制造
12,8,0.047308771,钢铁Ⅱ
12,8,0.034724222,金属非金属新材料
12,8,0.015588955,专用设备
12,8,0.027748516,汽车整车
12,8,0.045097211,食品加工
12,8,0.055326515,航空运输Ⅱ
12,8,0.028008192,机场Ⅱ
12,8,0.111869745,通信运营Ⅱ
12,7,0.045770684,农产品加工
12,7,0.058067114,煤炭开采Ⅱ
12,7,0.064192867,其他采掘Ⅱ
12,7,0.059432245,石油开采Ⅱ
12,7,0.05673017,稀有金属
12,7,0.024576653,通用机械
12,7,0.045556163,港口Ⅱ
12,7,0.038062354,物流Ⅱ
12,7,0.074309315,银行Ⅱ
12,7,0.042769525,贸易Ⅱ
12,7,0.05428342,专业零售
12,7,0.050905656,景点
12,7,0.040517222,水泥制造Ⅱ
12,7,0.060660009,电气自动化设备
12,6,0.029799293,林业Ⅱ
12,6,0.040527629,饲料Ⅱ
12,6,0.080733659,动物保健Ⅱ
12,6,0.027460878,化学制品
12,6,0.061280393,石油化工
12,6,0.063135886,运输设备Ⅱ
12,6,0.030120907,元件Ⅱ
12,6,0.039158043,汽车零部件Ⅱ
12,6,0.047400026,白色家电
12,6,0.022171822,纺织制造
12,6,0.029766804,造纸Ⅱ
12,6,0.050280312,中药Ⅱ
12,6,0.016011559,房地产开发Ⅱ
12,6,0.053171653,旅游综合Ⅱ
12,5,0.038499615,农业综合Ⅱ
12,5,0.061267652,渔业
12,5,0.056029307,种植业
12,5,0.09010129,电子制造Ⅱ
12,5,0.107573322,通信设备
12,5,0.063209914,化学制药
12,5,0.068347971,生物制品Ⅱ
12,5,0.046477416,医疗器械Ⅱ
12,5,0.048705704,水务Ⅱ
12,5,0.024952888,公交Ⅱ
12,5,0.017614898,园区开发Ⅱ
12,5,0.139737149,餐饮Ⅱ
12,5,0.025574656,玻璃制造Ⅱ
12,5,0.051875765,其他建材Ⅱ
12,5,0.058107781,电机Ⅱ
12,5,0.064391038,高低压设备
12,5,0.057711577,互联网传媒
12,4,0.051023532,化学纤维
12,4,0.043969546,化学原料
12,4,0.032778006,塑料Ⅱ
12,4,0.078050019,工业金属
12,4,0.065793145,半导体
12,4,0.03045324,光学光电子
12,4,0.035019503,服装家纺
12,4,0.029197308,包装印刷Ⅱ
12,4,0.077763221,家用轻工
12,4,0.081997853,医药商业Ⅱ
12,4,0.047855043,电力
12,4,0.026637027,高速公路Ⅱ
12,4,0.053551752,一般零售
12,4,0.073610373,计算机应用
12,4,0.072053776,电源设备
12,4,0.076211139,文化传媒
12,3,0.036335595,橡胶
12,3,0.01400704,汽车服务Ⅱ
12,3,0.083256415,计算机设备Ⅱ
12,3,0.032262933,视听器材
12,3,0.037398117,航运Ⅱ
12,3,0.032432757,铁路运输Ⅱ
12,3,0.147457516,证券Ⅱ
12,3,0.038348364,酒店Ⅱ
12,3,0.0373474,综合Ⅱ
12,3,0.079888899,航空装备Ⅱ
12,3,0.114762815,其他交运设备Ⅱ
12,2,0.087707296,畜禽养殖Ⅱ
12,2,0.064669064,仪器仪表Ⅱ
12,2,0.021851102,环保工程及服务Ⅱ
12,1,0.04044881,多元金融Ⅱ
12,1,0.127964343,地面兵装Ⅱ
