证券代码,证券名称,证券公司,资金账号,账号名称,成交金额,成交价格,成交数量,手续费,成交编号,合同编号,成交时间,买卖标记
002595,豪迈科技,方正证券,20818443_00,证券被动投资01,7845.03,39.03,201,11.767545,1089147,2020,09:31:45,限价
002595,豪迈科技,方正证券,20818443_00,证券被动投资01,3903,39.03,100,5.8545,1089146,2020,09:31:45,限价
002595,豪迈科技,方正证券,20818443_00,证券被动投资01,3863.97,39.03,99,5.795955,1089145,2020,09:31:45,限价
002505,大康牧业,方正证券,20818443_00,证券被动投资01,5040,10.08,500,7.56,1110419,2064,09:31:49,限价
002498,汉缆股份,方正证券,20818443_00,证券被动投资01,14289,12.99,1100,21.4335,677834,1608,09:30:17,限价
002475,立讯精密,方正证券,20818443_00,证券被动投资01,11424,38.08,300,5.712,399754,1096,09:30:01,限价
002475,立讯精密,方正证券,20818443_00,证券被动投资01,15232,38.08,400,7.616,399753,1096,09:30:01,限价
002470,金正大,方正证券,20818443_00,证券被动投资01,26922,38.46,700,13.461,400954,1073,09:30:01,限价
002461,珠江啤酒,方正证券,20818443_00,证券被动投资01,32340,15.4,2100,48.51,1515252,2435,09:33:14,限价
002461,珠江啤酒,方正证券,20818443_00,证券被动投资01,6160,15.4,400,9.24,1515251,2435,09:33:14,限价
002456,欧菲光,方正证券,20818443_00,证券被动投资01,24120,26.8,900,12.06,612387,1144,09:30:05,限价
002456,欧菲光,方正证券,20818443_00,证券被动投资01,24075,26.75,900,12.0375,612386,1144,09:30:05,限价
002424,贵州百灵,方正证券,20818443_00,证券被动投资01,25395,50.79,500,38.0925,1104438,2054,09:31:48,限价
002422,科伦药业,方正证券,20818443_00,证券被动投资01,46800,39,1200,23.4,420923,1115,09:30:01,限价
002399,海普瑞,方正证券,20818443_00,证券被动投资01,16945,33.89,500,8.4725,399506,1120,09:30:01,限价
002399,海普瑞,方正证券,20818443_00,证券被动投资01,30501,33.89,900,15.2505,399505,1120,09:30:01,限价
002384,东山精密,方正证券,20818443_00,证券被动投资01,18760,13.4,1400,28.14,1203302,2037,09:32:09,限价
002340,格林美,方正证券,20818443_00,证券被动投资01,21696,18.08,1200,32.544,1087518,2014,09:31:45,限价
002311,海大集团,方正证券,20818443_00,证券被动投资01,5673,18.91,300,8.5095,1109074,2042,09:31:49,限价
002308,威创股份,方正证券,20818443_00,证券被动投资01,10213,14.59,700,15.3195,753539,1603,09:30:36,限价
002308,威创股份,方正证券,20818443_00,证券被动投资01,4362,14.54,300,6.543,1098165,2034,09:31:47,限价
002308,威创股份,方正证券,20818443_00,证券被动投资01,1454,14.54,100,2.181,1094194,2034,09:31:46,限价
002271,东方雨虹,方正证券,20818443_00,证券被动投资01,16200,40.5,400,24.3,1096036,2038,09:31:47,限价
002194,武汉凡谷,方正证券,20818443_00,证券被动投资01,14600,14.6,1000,21.9,1139521,2065,09:31:56,限价
002194,武汉凡谷,方正证券,20818443_00,证券被动投资01,5840,14.6,400,8.76,1130749,2065,09:31:54,限价
002181,粤 传 媒,方正证券,20818443_00,证券被动投资01,23309,21.19,1100,34.9635,1177327,2022,09:32:03,限价
002146,荣盛发展,方正证券,20818443_00,证券被动投资01,32922,18.29,1800,16.461,405484,1153,09:30:01,限价
002129,中环股份,方正证券,20818443_00,证券被动投资01,243756,32.94,7400,365.634,1093020,2028,09:31:46,限价
002118,紫鑫药业,方正证券,20818443_00,证券被动投资01,19569,17.79,1100,29.3535,1521373,2441,09:33:16,限价
002118,紫鑫药业,方正证券,20818443_00,证券被动投资01,1779,17.79,100,2.6685,1520245,2441,09:33:15,限价
002118,紫鑫药业,方正证券,20818443_00,证券被动投资01,3578,17.89,200,5.367,1116721,2068,09:31:51,限价
002029,七 匹 狼,方正证券,20818443_00,证券被动投资01,4020,13.4,300,6.03,413741,1205,09:30:01,限价
002007,华兰生物,方正证券,20818443_00,证券被动投资01,4155,41.55,100,2.0775,459616,1099,09:30:01,限价
002007,华兰生物,方正证券,20818443_00,证券被动投资01,20775,41.55,500,10.3875,459615,1099,09:30:01,限价
002007,华兰生物,方正证券,20818443_00,证券被动投资01,12465,41.55,300,6.2325,459614,1099,09:30:01,限价
002007,华兰生物,方正证券,20818443_00,证券被动投资01,8310,41.55,200,4.155,459613,1099,09:30:01,限价
002001,新 和 成,方正证券,20818443_00,证券被动投资01,24822,17.73,1400,12.411,403595,1147,09:30:01,限价
002001,新 和 成,方正证券,20818443_00,证券被动投资01,23049,17.73,1300,11.5245,403594,1147,09:30:01,限价
000983,西山煤电,方正证券,20818443_00,证券被动投资01,35088,8.16,4300,17.544,401385,1087,09:30:01,限价
000960,锡业股份,方正证券,20818443_00,证券被动投资01,48312,21.96,2200,24.156,405312,1143,09:30:01,限价
000937,冀中能源,方正证券,20818443_00,证券被动投资01,17703,8.43,2100,8.8515,412543,1104,09:30:01,限价
000917,电广传媒,方正证券,20818443_00,证券被动投资01,26988,22.49,1200,13.494,670331,1575,09:30:14,限价
000917,电广传媒,方正证券,20818443_00,证券被动投资01,20232,22.48,900,10.116,670330,1575,09:30:14,限价
000898,鞍钢股份,方正证券,20818443_00,证券被动投资01,232974,6.02,38700,349.461,1104970,2059,09:31:48,限价
000861,海印股份,方正证券,20818443_00,证券被动投资01,15440,15.44,1000,23.16,1118072,2070,09:31:51,限价
000858,五 粮 液,方正证券,20818443_00,证券被动投资01,47208,22.48,2100,23.604,406147,1091,09:30:01,限价
000825,太钢不锈,方正证券,20818443_00,证券被动投资01,47432,5.39,8800,23.716,620204,1139,09:30:04,限价
000823,超声电子,方正证券,20818443_00,证券被动投资01,22170,14.78,1500,33.255,405449,1166,09:30:01,限价
000792,盐湖股份,方正证券,20818443_00,证券被动投资01,98974,29.11,3400,49.487,401265,1112,09:30:01,限价
000778,新兴铸管,方正证券,20818443_00,证券被动投资01,47652,6.27,7600,23.826,402347,1111,09:30:01,限价
000776,广发证券,方正证券,20818443_00,证券被动投资01,43248,25.44,1700,64.872,1102946,2018,09:31:48,限价
000776,广发证券,方正证券,20818443_00,证券被动投资01,15264,25.44,600,22.896,1102258,2018,09:31:48,限价
000776,广发证券,方正证券,20818443_00,证券被动投资01,12720,25.44,500,19.08,1100705,2018,09:31:48,限价
000776,广发证券,方正证券,20818443_00,证券被动投资01,7632,25.44,300,11.448,1100288,2018,09:31:47,限价
000776,广发证券,方正证券,20818443_00,证券被动投资01,12720,25.44,500,19.08,1099334,2018,09:31:47,限价
000776,广发证券,方正证券,20818443_00,证券被动投资01,12720,25.44,500,19.08,1096715,2018,09:31:47,限价
000776,广发证券,方正证券,20818443_00,证券被动投资01,7632,25.44,300,11.448,1096216,2018,09:31:47,限价
000776,广发证券,方正证券,20818443_00,证券被动投资01,124656,25.44,4900,186.984,1095248,2018,09:31:46,限价
000762,西藏矿业,方正证券,20818443_00,证券被动投资01,5268,17.56,300,7.902,452143,1178,09:30:02,限价
000762,西藏矿业,方正证券,20818443_00,证券被动投资01,15804,17.56,900,23.706,440116,1178,09:30:02,限价
000762,西藏矿业,方正证券,20818443_00,证券被动投资01,6992,17.48,400,10.488,1091768,2026,09:31:46,限价
000729,燕京啤酒,方正证券,20818443_00,证券被动投资01,1913.77,9.07,211,0.956885,397560,1109,09:30:01,限价
000729,燕京啤酒,方正证券,20818443_00,证券被动投资01,907,9.07,100,0.4535,397559,1109,09:30:01,限价
000729,燕京啤酒,方正证券,20818443_00,证券被动投资01,18140,9.07,2000,9.07,397558,1109,09:30:01,限价
000729,燕京啤酒,方正证券,20818443_00,证券被动投资01,26203.23,9.07,2889,13.101615,397557,1109,09:30:01,限价
000725,京东方Ａ,方正证券,20818443_00,证券被动投资01,47560,4.1,11600,23.78,421108,1157,09:30:01,限价
000709,河北钢铁,方正证券,20818443_00,证券被动投资01,47444,4.09,11600,23.722,430910,1083,09:30:01,限价
000697,炼石有色,方正证券,20818443_00,证券被动投资01,21880,27.35,800,32.82,1115162,2061,09:31:50,限价
000686,东北证券,方正证券,20818443_00,证券被动投资01,280872,19.92,14100,421.308,1101759,2051,09:31:48,限价
000667,美好集团,方正证券,20818443_00,证券被动投资01,8797,4.63,1900,13.1955,1513237,2430,09:33:14,限价
000667,美好集团,方正证券,20818443_00,证券被动投资01,4630,4.63,1000,6.945,1513236,2430,09:33:14,限价
000667,美好集团,方正证券,20818443_00,证券被动投资01,7440,4.65,1600,11.16,1513235,2430,09:33:14,限价
000667,美好集团,方正证券,20818443_00,证券被动投资01,7440,4.65,1600,11.16,1513234,2430,09:33:14,限价
000623,吉林敖东,方正证券,20818443_00,证券被动投资01,45955,35.35,1300,22.9775,404068,1135,09:30:01,限价
000598,兴蓉投资,方正证券,20818443_00,证券被动投资01,47329,8.93,5300,23.6645,404458,1155,09:30:01,限价
000568,泸州老窖,方正证券,20818443_00,证券被动投资01,48090,22.9,2100,24.045,399665,1110,09:30:01,限价
000550,江铃汽车,方正证券,20818443_00,证券被动投资01,25173.6,40.8,617,37.7604,401200,1179,09:30:01,限价
000550,江铃汽车,方正证券,20818443_00,证券被动投资01,3386.4,40.8,83,5.0796,401199,1179,09:30:01,限价
000550,江铃汽车,方正证券,20818443_00,证券被动投资01,4081,40.81,100,6.1215,401198,1179,09:30:01,限价
000402,金 融 街,方正证券,20818443_00,证券被动投资01,118650,10.5,11300,59.325,436262,1070,09:30:01,限价
000338,潍柴动力,方正证券,20818443_00,证券被动投资01,14950,29.9,500,7.475,413279,1148,09:30:01,限价
000338,潍柴动力,方正证券,20818443_00,证券被动投资01,2990,29.9,100,1.495,413278,1148,09:30:01,限价
000338,潍柴动力,方正证券,20818443_00,证券被动投资01,29890,29.89,1000,14.945,413277,1148,09:30:01,限价
000157,中联重科,方正证券,20818443_00,证券被动投资01,29974.4,6.8,4408,14.9872,464306,1125,09:30:01,限价
000157,中联重科,方正证券,20818443_00,证券被动投资01,6800,6.8,1000,3.4,421494,1125,09:30:01,限价
000157,中联重科,方正证券,20818443_00,证券被动投资01,10825.6,6.8,1592,5.4128,421493,1125,09:30:01,限价
000088,盐 田 港,方正证券,20818443_00,证券被动投资01,20691,10.89,1900,31.0365,1103670,2050,09:31:48,限价
000061,农 产 品,方正证券,20818443_00,证券被动投资01,21266,15.19,1400,10.633,401524,1108,09:30:01,限价
000061,农 产 品,方正证券,20818443_00,证券被动投资01,15180,15.18,1000,7.59,401523,1108,09:30:01,限价
000061,农 产 品,方正证券,20818443_00,证券被动投资01,10619,15.17,700,5.3095,401522,1108,09:30:01,限价
000024,招商地产,方正证券,20818443_00,证券被动投资01,48024,26.68,1800,24.012,400926,1102,09:30:01,限价
603993,洛阳钼业,方正证券,20818443_00,证券被动投资01,9030,12.9,700,4.515,238102,1078,09:30:04,限价
601958,金钼股份,方正证券,20818443_00,证券被动投资01,27976,10.76,2600,13.988,280184,1119,09:30:06,限价
601901,方正证券,方正证券,20818443_00,证券被动投资01,9534,13.62,700,4.767,237349,1094,09:30:04,限价
601901,方正证券,方正证券,20818443_00,证券被动投资01,1362,13.62,100,0.681,237348,1094,09:30:04,限价
601901,方正证券,方正证券,20818443_00,证券被动投资01,27240,13.62,2000,13.62,237347,1094,09:30:04,限价
601901,方正证券,方正证券,20818443_00,证券被动投资01,9534,13.62,700,4.767,237346,1094,09:30:04,限价
601898,中煤能源,方正证券,20818443_00,证券被动投资01,14091,6.71,2100,7.0455,279208,1152,09:30:06,限价
601898,中煤能源,方正证券,20818443_00,证券被动投资01,6710,6.71,1000,3.355,279207,1152,09:30:06,限价
601898,中煤能源,方正证券,20818443_00,证券被动投资01,33550,6.71,5000,16.775,279206,1152,09:30:06,限价
601898,中煤能源,方正证券,20818443_00,证券被动投资01,24827,6.71,3700,12.4135,279205,1152,09:30:06,限价
601866,中海集运,方正证券,20818443_00,证券被动投资01,47502,5.22,9100,23.751,261022,1121,09:30:05,限价
601818,光大银行,方正证券,20818443_00,证券被动投资01,76712,4.46,17200,115.068,627952,2019,09:31:46,限价
601818,光大银行,方正证券,20818443_00,证券被动投资01,17840,4.46,4000,26.76,627951,2019,09:31:46,限价
601818,光大银行,方正证券,20818443_00,证券被动投资01,2676,4.46,600,4.014,627950,2019,09:31:46,限价
601818,光大银行,方正证券,20818443_00,证券被动投资01,4460,4.46,1000,6.69,627949,2019,09:31:46,限价
601818,光大银行,方正证券,20818443_00,证券被动投资01,1784,4.46,400,2.676,627948,2019,09:31:46,限价
601818,光大银行,方正证券,20818443_00,证券被动投资01,55750,4.46,12500,83.625,627947,2019,09:31:46,限价
601818,光大银行,方正证券,20818443_00,证券被动投资01,446,4.46,100,0.669,627946,2019,09:31:46,限价
601818,光大银行,方正证券,20818443_00,证券被动投资01,22300,4.46,5000,33.45,627945,2019,09:31:46,限价
601818,光大银行,方正证券,20818443_00,证券被动投资01,2676,4.46,600,4.014,627944,2019,09:31:46,限价
601818,光大银行,方正证券,20818443_00,证券被动投资01,88754,4.46,19900,133.131,627943,2019,09:31:46,限价
601777,力帆股份,方正证券,20818443_00,证券被动投资01,1152,11.52,100,1.728,939228,2431,09:33:15,限价
601777,力帆股份,方正证券,20818443_00,证券被动投资01,5760,11.52,500,8.64,939227,2431,09:33:15,限价
601777,力帆股份,方正证券,20818443_00,证券被动投资01,11520,11.52,1000,17.28,939226,2431,09:33:15,限价
601777,力帆股份,方正证券,20818443_00,证券被动投资01,11520,11.52,1000,17.28,939225,2431,09:33:15,限价
601699,潞安环能,方正证券,20818443_00,证券被动投资01,10341,11.49,900,5.1705,430674,1710,09:30:44,限价
601699,潞安环能,方正证券,20818443_00,证券被动投资01,18384,11.49,1600,9.192,430673,1710,09:30:44,限价
601689,拓普集团,方正证券,20818443_00,证券被动投资01,23990,23.99,1000,35.985,1243762,2893,09:34:46,限价
601688,华泰证券,方正证券,20818443_00,证券被动投资01,257400,26,9900,386.1,627283,2017,09:31:45,限价
601668,中国建筑,方正证券,20818443_00,证券被动投资01,15571,6.77,2300,23.3565,634601,2036,09:31:47,限价
601668,中国建筑,方正证券,20818443_00,证券被动投资01,677,6.77,100,1.0155,633693,2036,09:31:47,限价
601668,中国建筑,方正证券,20818443_00,证券被动投资01,6770,6.77,1000,10.155,632969,2036,09:31:47,限价
601668,中国建筑,方正证券,20818443_00,证券被动投资01,677,6.77,100,1.0155,632572,2036,09:31:47,限价
601607,上海医药,方正证券,20818443_00,证券被动投资01,47630,21.65,2200,23.815,240404,1092,09:30:04,限价
601601,中国太保,方正证券,20818443_00,证券被动投资01,47400,31.6,1500,71.1,939380,2432,09:33:15,限价
601600,中国铝业,方正证券,20818443_00,证券被动投资01,47278,6.14,7700,23.639,251077,1076,09:30:04,限价
601398,工商银行,方正证券,20818443_00,证券被动投资01,62310,4.65,13400,93.465,273267,1185,09:30:05,限价
601398,工商银行,方正证券,20818443_00,证券被动投资01,930,4.65,200,1.395,273245,1185,09:30:05,限价
601398,工商银行,方正证券,20818443_00,证券被动投资01,2325,4.65,500,3.4875,270391,1185,09:30:05,限价
601398,工商银行,方正证券,20818443_00,证券被动投资01,23250,4.65,5000,34.875,270209,1185,09:30:05,限价
601398,工商银行,方正证券,20818443_00,证券被动投资01,23250,4.65,5000,34.875,270151,1185,09:30:05,限价
601398,工商银行,方正证券,20818443_00,证券被动投资01,9300,4.65,2000,13.95,270148,1185,09:30:05,限价
601398,工商银行,方正证券,20818443_00,证券被动投资01,1860,4.65,400,2.79,268395,1185,09:30:05,限价
601398,工商银行,方正证券,20818443_00,证券被动投资01,4650,4.65,1000,6.975,265252,1185,09:30:05,限价
601398,工商银行,方正证券,20818443_00,证券被动投资01,930,4.65,200,1.395,265251,1185,09:30:05,限价
601398,工商银行,方正证券,20818443_00,证券被动投资01,1860,4.65,400,2.79,265250,1185,09:30:05,限价
601398,工商银行,方正证券,20818443_00,证券被动投资01,1395,4.65,300,2.0925,265249,1185,09:30:05,限价
601398,工商银行,方正证券,20818443_00,证券被动投资01,465,4.65,100,0.6975,265248,1185,09:30:05,限价
601398,工商银行,方正证券,20818443_00,证券被动投资01,46500,4.65,10000,69.75,265247,1185,09:30:05,限价
601398,工商银行,方正证券,20818443_00,证券被动投资01,465,4.65,100,0.6975,265246,1185,09:30:05,限价
601398,工商银行,方正证券,20818443_00,证券被动投资01,4650,4.65,1000,6.975,265245,1185,09:30:05,限价
601398,工商银行,方正证券,20818443_00,证券被动投资01,4650,4.65,1000,6.975,265244,1185,09:30:05,限价
601398,工商银行,方正证券,20818443_00,证券被动投资01,13950,4.65,3000,20.925,265243,1185,09:30:05,限价
601398,工商银行,方正证券,20818443_00,证券被动投资01,4650,4.65,1000,6.975,265242,1185,09:30:05,限价
601398,工商银行,方正证券,20818443_00,证券被动投资01,9300,4.65,2000,13.95,265241,1185,09:30:05,限价
601398,工商银行,方正证券,20818443_00,证券被动投资01,2325,4.65,500,3.4875,265240,1185,09:30:05,限价
601398,工商银行,方正证券,20818443_00,证券被动投资01,13950,4.65,3000,20.925,265239,1185,09:30:05,限价
601398,工商银行,方正证券,20818443_00,证券被动投资01,4650,4.65,1000,6.975,265238,1185,09:30:05,限价
601398,工商银行,方正证券,20818443_00,证券被动投资01,19995,4.65,4300,29.9925,265237,1185,09:30:05,限价
601333,广深铁路,方正证券,20818443_00,证券被动投资01,16445.84,4.82,3412,8.22292,267502,1124,09:30:05,限价
601333,广深铁路,方正证券,20818443_00,证券被动投资01,46696.16,4.82,9688,23.34808,267501,1124,09:30:05,限价
601333,广深铁路,方正证券,20818443_00,证券被动投资01,31265,4.81,6500,15.6325,267500,1124,09:30:05,限价
601328,交通银行,方正证券,20818443_00,证券被动投资01,45479,6.23,7300,22.7395,266733,1158,09:30:05,限价
601328,交通银行,方正证券,20818443_00,证券被动投资01,1869,6.23,300,0.9345,266732,1158,09:30:05,限价
601318,中国平安,方正证券,20818443_00,证券被动投资01,14814,74.07,200,22.221,943093,2433,09:33:16,限价
601318,中国平安,方正证券,20818443_00,证券被动投资01,214803,74.07,2900,322.2045,942826,2433,09:33:16,限价
601288,农业银行,方正证券,20818443_00,证券被动投资01,226695,3.57,63500,340.0425,638371,2055,09:31:48,限价
601258,庞大集团,方正证券,20818443_00,证券被动投资01,19108.71,8.37,2283,9.554355,261416,1126,09:30:05,限价
601258,庞大集团,方正证券,20818443_00,证券被动投资01,16740,8.37,2000,8.37,261415,1126,09:30:05,限价
601258,庞大集团,方正证券,20818443_00,证券被动投资01,25110,8.37,3000,12.555,261414,1126,09:30:05,限价
601258,庞大集团,方正证券,20818443_00,证券被动投资01,16740,8.37,2000,8.37,261413,1126,09:30:05,限价
601258,庞大集团,方正证券,20818443_00,证券被动投资01,142.29,8.37,17,0.071145,261412,1126,09:30:05,限价
601231,环旭电子,方正证券,20818443_00,证券被动投资01,11733,39.11,300,5.8665,281135,1130,09:30:06,限价
601225,陕西煤业,方正证券,20818443_00,证券被动投资01,20428.2,7.02,2910,10.2141,480385,1711,09:31:02,限价
601225,陕西煤业,方正证券,20818443_00,证券被动投资01,702,7.02,100,0.351,476042,1711,09:31:00,限价
601225,陕西煤业,方正证券,20818443_00,证券被动投资01,2808,7.02,400,1.404,441109,1711,09:30:48,限价
601225,陕西煤业,方正证券,20818443_00,证券被动投资01,14671.8,7.02,2090,7.3359,439207,1711,09:30:47,限价
601208,东材科技,方正证券,20818443_00,证券被动投资01,15780,10.52,1500,23.67,370656,1614,09:30:18,限价
601179,中国西电,方正证券,20818443_00,证券被动投资01,47296,7.39,6400,23.648,240402,1084,09:30:04,限价
601168,西部矿业,方正证券,20818443_00,证券被动投资01,47904,9.98,4800,23.952,266410,1134,09:30:05,限价
601166,兴业银行,方正证券,20818443_00,证券被动投资01,263396,16.36,16100,395.094,941085,2436,09:33:15,限价
601158,重庆水务,方正证券,20818443_00,证券被动投资01,47550,9.51,5000,23.775,285498,1159,09:30:06,限价
601126,四方股份,方正证券,20818443_00,证券被动投资01,12360,24.72,500,18.54,1068764,2584,09:33:51,限价
601118,海南橡胶,方正证券,20818443_00,证券被动投资01,47424,9.88,4800,23.712,364206,1582,09:30:16,限价
601098,中南传媒,方正证券,20818443_00,证券被动投资01,46340,23.17,2000,23.17,265229,1137,09:30:05,限价
601018,宁波港,方正证券,20818443_00,证券被动投资01,48134,5.87,8200,24.067,938184,2428,09:33:14,限价
601011,宝泰隆,方正证券,20818443_00,证券被动投资01,27384,13.04,2100,41.076,463425,1712,09:30:56,限价
600999,招商证券,方正证券,20818443_00,证券被动投资01,47520,29.7,1600,23.76,261728,1129,09:30:05,限价
600900,长江电力,方正证券,20818443_00,证券被动投资01,27924,10.74,2600,41.886,636578,2049,09:31:48,限价
600893,中航动力,方正证券,20818443_00,证券被动投资01,12317.6,35.6,346,6.1588,626156,2011,09:31:45,限价
600893,中航动力,方正证券,20818443_00,证券被动投资01,35600,35.6,1000,17.8,626155,2011,09:31:45,限价
600893,中航动力,方正证券,20818443_00,证券被动投资01,9042.4,35.6,254,4.5212,626154,2011,09:31:45,限价
600875,东方电气,方正证券,20818443_00,证券被动投资01,48070,20.9,2300,24.035,271519,1154,09:30:05,限价
600873,梅花生物,方正证券,20818443_00,证券被动投资01,16074,8.46,1900,8.037,266729,1141,09:30:05,限价
600873,梅花生物,方正证券,20818443_00,证券被动投资01,31302,8.46,3700,15.651,266728,1141,09:30:05,限价
600839,四川长虹,方正证券,20818443_00,证券被动投资01,3726,6.21,600,5.589,644200,2066,09:31:50,限价
600837,海通证券,方正证券,20818443_00,证券被动投资01,47145,22.45,2100,23.5725,265317,1138,09:30:05,限价
600820,隧道股份,方正证券,20818443_00,证券被动投资01,5832,9.72,600,8.748,655531,2072,09:31:53,限价
600820,隧道股份,方正证券,20818443_00,证券被动投资01,17496,9.72,1800,26.244,650495,2072,09:31:52,限价
600811,东方集团,方正证券,20818443_00,证券被动投资01,8584,10.73,800,12.876,639538,2058,09:31:49,限价
600803,新奥股份,方正证券,20818443_00,证券被动投资01,17550,19.5,900,26.325,366027,1589,09:30:17,限价
600795,国电电力,方正证券,20818443_00,证券被动投资01,8151,4.29,1900,4.0755,265320,1150,09:30:05,限价
600795,国电电力,方正证券,20818443_00,证券被动投资01,4290,4.29,1000,2.145,265319,1150,09:30:05,限价
600795,国电电力,方正证券,20818443_00,证券被动投资01,7293,4.29,1700,3.6465,265318,1150,09:30:05,限价
600739,辽宁成大,方正证券,20818443_00,证券被动投资01,45900,27,1700,22.95,261727,1117,09:30:05,限价
600718,东软集团,方正证券,20818443_00,证券被动投资01,45904,28.69,1600,22.952,239497,1101,09:30:04,限价
600705,中航资本,方正证券,20818443_00,证券被动投资01,32200,23,1400,16.1,261418,1127,09:30:05,限价
600705,中航资本,方正证券,20818443_00,证券被动投资01,16100,23,700,8.05,261417,1127,09:30:05,限价
600664,哈药股份,方正证券,20818443_00,证券被动投资01,33033,10.01,3300,16.5165,251905,1074,09:30:04,限价
600664,哈药股份,方正证券,20818443_00,证券被动投资01,15015,10.01,1500,7.5075,250063,1074,09:30:04,限价
600663,陆家嘴,方正证券,20818443_00,证券被动投资01,41030,37.3,1100,20.515,251079,1080,09:30:04,限价
600657,信达地产,方正证券,20818443_00,证券被动投资01,3975,7.95,500,5.9625,950649,2434,09:33:18,限价
600657,信达地产,方正证券,20818443_00,证券被动投资01,15900,7.95,2000,23.85,941834,2434,09:33:15,限价
600657,信达地产,方正证券,20818443_00,证券被动投资01,1590,7.95,200,2.385,940754,2434,09:33:15,限价
600657,信达地产,方正证券,20818443_00,证券被动投资01,3975,7.95,500,5.9625,939930,2434,09:33:15,限价
600648,外高桥,方正证券,20818443_00,证券被动投资01,27200,34,800,13.6,266730,1146,09:30:05,限价
600642,申能股份,方正证券,20818443_00,证券被动投资01,27712.05,7.73,3585,13.856025,454628,1604,09:30:53,限价
600642,申能股份,方正证券,20818443_00,证券被动投资01,20213.95,7.73,2615,10.106975,444545,1604,09:30:49,限价
600549,厦门钨业,方正证券,20818443_00,证券被动投资01,40410,40.41,1000,20.205,1002083,2429,09:33:32,限价
600536,中国软件,方正证券,20818443_00,证券被动投资01,10298,51.49,200,15.447,434360,1713,09:30:46,限价
600536,中国软件,方正证券,20818443_00,证券被动投资01,5150,51.5,100,7.725,431217,1713,09:30:45,限价
600456,宝钛股份,方正证券,20818443_00,证券被动投资01,10010,20.02,500,15.015,961517,2440,09:33:21,限价
600456,宝钛股份,方正证券,20818443_00,证券被动投资01,6006,20.02,300,9.009,952312,2440,09:33:18,限价
600456,宝钛股份,方正证券,20818443_00,证券被动投资01,4004,20.02,200,6.006,948807,2440,09:33:17,限价
600429,三元股份,方正证券,20818443_00,证券被动投资01,20360,10.18,2000,30.54,477402,1715,09:31:01,限价
600429,三元股份,方正证券,20818443_00,证券被动投资01,2036,10.18,200,3.054,473505,1715,09:31:00,限价
600429,三元股份,方正证券,20818443_00,证券被动投资01,2036,10.18,200,3.054,466829,1715,09:30:57,限价
600429,三元股份,方正证券,20818443_00,证券被动投资01,2036,10.18,200,3.054,452193,1715,09:30:52,限价
600429,三元股份,方正证券,20818443_00,证券被动投资01,13143,10.11,1300,19.7145,1045225,2583,09:33:44,限价
600395,盘江股份,方正证券,20818443_00,证券被动投资01,17640,12.6,1400,8.82,238105,1086,09:30:04,限价
600395,盘江股份,方正证券,20818443_00,证券被动投资01,1260,12.6,100,0.63,238104,1086,09:30:04,限价
600383,金地集团,方正证券,20818443_00,证券被动投资01,14895,9.93,1500,7.4475,285169,1123,09:30:06,限价
600383,金地集团,方正证券,20818443_00,证券被动投资01,9930,9.93,1000,4.965,285079,1123,09:30:06,限价
600383,金地集团,方正证券,20818443_00,证券被动投资01,9930,9.93,1000,4.965,283069,1123,09:30:06,限价
600383,金地集团,方正证券,20818443_00,证券被动投资01,993,9.93,100,0.4965,283022,1123,09:30:06,限价
600383,金地集团,方正证券,20818443_00,证券被动投资01,993,9.93,100,0.4965,281599,1123,09:30:06,限价
600383,金地集团,方正证券,20818443_00,证券被动投资01,35748,9.93,3600,17.874,279014,1123,09:30:06,限价
600383,金地集团,方正证券,20818443_00,证券被动投资01,25818,9.93,2600,12.909,278983,1123,09:30:06,限价
600383,金地集团,方正证券,20818443_00,证券被动投资01,34755,9.93,3500,17.3775,278220,1123,09:30:06,限价
600372,中航电子,方正证券,20818443_00,证券被动投资01,36120,30.1,1200,18.06,240313,1067,09:30:04,限价
600369,西南证券,方正证券,20818443_00,证券被动投资01,47656,20.72,2300,23.828,239684,1098,09:30:04,限价
600348,阳泉煤业,方正证券,20818443_00,证券被动投资01,12415,9.55,1300,6.2075,251081,1081,09:30:04,限价
600348,阳泉煤业,方正证券,20818443_00,证券被动投资01,16235,9.55,1700,8.1175,251080,1081,09:30:04,限价
600340,华夏幸福,方正证券,20818443_00,证券被动投资01,70850,54.5,1300,35.425,266670,1133,09:30:05,限价
600315,上海家化,方正证券,20818443_00,证券被动投资01,145486,42.79,3400,218.229,379115,1591,09:30:22,限价
600309,万华化学,方正证券,20818443_00,证券被动投资01,73854,22.38,3300,36.927,247419,1113,09:30:04,限价
600277,亿利能源,方正证券,20818443_00,证券被动投资01,13872,11.56,1200,6.936,252916,1100,09:30:05,限价
600277,亿利能源,方正证券,20818443_00,证券被动投资01,11560,11.56,1000,5.78,252915,1100,09:30:05,限价
600277,亿利能源,方正证券,20818443_00,证券被动投资01,21964,11.56,1900,10.982,252914,1100,09:30:05,限价
600267,海正药业,方正证券,20818443_00,证券被动投资01,48001,20.87,2300,24.0005,251083,1089,09:30:04,限价
600252,中恒集团,方正证券,20818443_00,证券被动投资01,23448,19.54,1200,11.724,271518,1142,09:30:05,限价
600252,中恒集团,方正证券,20818443_00,证券被动投资01,9770,19.54,500,4.885,271517,1142,09:30:05,限价
600252,中恒集团,方正证券,20818443_00,证券被动投资01,13678,19.54,700,6.839,271516,1142,09:30:05,限价
600221,海南航空,方正证券,20818443_00,证券被动投资01,47565,4.53,10500,23.7825,266411,1136,09:30:05,限价
600196,复星医药,方正证券,20818443_00,证券被动投资01,47690,25.1,1900,23.845,267503,1128,09:30:05,限价
600188,兖州煤业,方正证券,20818443_00,证券被动投资01,16170,14.7,1100,8.085,240403,1090,09:30:04,限价
600184,光电股份,方正证券,20818443_00,证券被动投资01,37320,46.65,800,55.98,634007,2040,09:31:47,限价
600166,福田汽车,方正证券,20818443_00,证券被动投资01,10430,7.45,1400,5.215,242274,1095,09:30:04,限价
600166,福田汽车,方正证券,20818443_00,证券被动投资01,37200,7.44,5000,18.6,242273,1095,09:30:04,限价
600161,天坛生物,方正证券,20818443_00,证券被动投资01,22578,37.63,600,33.867,266456,1168,09:30:05,限价
600153,建发股份,方正证券,20818443_00,证券被动投资01,19920,12.45,1600,9.96,265236,1151,09:30:05,限价
600153,建发股份,方正证券,20818443_00,证券被动投资01,7470,12.45,600,3.735,265235,1151,09:30:05,限价
600153,建发股份,方正证券,20818443_00,证券被动投资01,42330,12.45,3400,21.165,265234,1151,09:30:05,限价
600153,建发股份,方正证券,20818443_00,证券被动投资01,6225,12.45,500,3.1125,265233,1151,09:30:05,限价
600153,建发股份,方正证券,20818443_00,证券被动投资01,12450,12.45,1000,6.225,265232,1151,09:30:05,限价
600153,建发股份,方正证券,20818443_00,证券被动投资01,6225,12.45,500,3.1125,265231,1151,09:30:05,限价
600153,建发股份,方正证券,20818443_00,证券被动投资01,13684,12.44,1100,6.842,265230,1151,09:30:05,限价
600143,金发科技,方正证券,20818443_00,证券被动投资01,2628,8.76,300,1.314,261732,1131,09:30:05,限价
600143,金发科技,方正证券,20818443_00,证券被动投资01,8760,8.76,1000,4.38,261731,1131,09:30:05,限价
600143,金发科技,方正证券,20818443_00,证券被动投资01,3504,8.76,400,1.752,261730,1131,09:30:05,限价
600143,金发科技,方正证券,20818443_00,证券被动投资01,70956,8.76,8100,35.478,261729,1131,09:30:05,限价
600122,宏图高科,方正证券,20818443_00,证券被动投资01,16682,8.78,1900,25.023,643712,2069,09:31:50,限价
600109,国金证券,方正证券,20818443_00,证券被动投资01,45342,25.19,1800,68.013,807412,2030,09:32:37,限价
600109,国金证券,方正证券,20818443_00,证券被动投资01,12595,25.19,500,18.8925,806806,2030,09:32:36,限价
600109,国金证券,方正证券,20818443_00,证券被动投资01,12595,25.19,500,18.8925,806301,2030,09:32:36,限价
600109,国金证券,方正证券,20818443_00,证券被动投资01,5038,25.19,200,7.557,805900,2030,09:32:36,限价
600109,国金证券,方正证券,20818443_00,证券被动投资01,25190,25.19,1000,37.785,805825,2030,09:32:36,限价
600109,国金证券,方正证券,20818443_00,证券被动投资01,5038,25.19,200,7.557,805731,2030,09:32:36,限价
600109,国金证券,方正证券,20818443_00,证券被动投资01,55418,25.19,2200,83.127,804654,2030,09:32:36,限价
600109,国金证券,方正证券,20818443_00,证券被动投资01,12595,25.19,500,18.8925,804201,2030,09:32:36,限价
600109,国金证券,方正证券,20818443_00,证券被动投资01,70532,25.19,2800,105.798,800429,2030,09:32:35,限价
600109,国金证券,方正证券,20818443_00,证券被动投资01,37785,25.19,1500,56.6775,789812,2030,09:32:32,限价
600108,亚盛集团,方正证券,20818443_00,证券被动投资01,47236,9.64,4900,23.618,237342,1085,09:30:04,限价
600104,上汽集团,方正证券,20818443_00,证券被动投资01,46493,24.47,1900,23.2465,238103,1082,09:30:04,限价
600089,特变电工,方正证券,20818443_00,证券被动投资01,22729,13.37,1700,11.3645,240407,1093,09:30:04,限价
600089,特变电工,方正证券,20818443_00,证券被动投资01,13370,13.37,1000,6.685,240406,1093,09:30:04,限价
600089,特变电工,方正证券,20818443_00,证券被动投资01,12033,13.37,900,6.0165,240405,1093,09:30:04,限价
600079,人福医药,方正证券,20818443_00,证券被动投资01,48580,34.7,1400,24.29,251078,1079,09:30:04,限价
600067,冠城大通,方正证券,20818443_00,证券被动投资01,28420,9.8,2900,42.63,673581,2057,09:31:58,限价
600058,五矿发展,方正证券,20818443_00,证券被动投资01,24660,20.55,1200,12.33,266731,1149,09:30:05,限价
600050,中国联通,方正证券,20818443_00,证券被动投资01,47880,5.32,9000,23.94,370679,1602,09:30:18,限价
600038,中直股份,方正证券,20818443_00,证券被动投资01,23355,46.71,500,11.6775,630813,2010,09:31:46,限价
600038,中直股份,方正证券,20818443_00,证券被动投资01,46710,46.71,1000,23.355,630096,2010,09:31:46,限价
600038,中直股份,方正证券,20818443_00,证券被动投资01,4670,46.7,100,2.335,625950,2010,09:31:45,限价
600038,中直股份,方正证券,20818443_00,证券被动投资01,4658,46.58,100,2.329,625949,2010,09:31:45,限价
600030,中信证券,方正证券,20818443_00,证券被动投资01,47925,31.95,1500,23.9625,251082,1088,09:30:04,限价
600027,华电国际,方正证券,20818443_00,证券被动投资01,47736,6.63,7200,23.868,279204,1145,09:30:06,限价
600019,宝钢股份,方正证券,20818443_00,证券被动投资01,19105.5,7.05,2710,9.55275,386385,1580,09:30:26,限价
600019,宝钢股份,方正证券,20818443_00,证券被动投资01,28834.5,7.05,4090,14.41725,385362,1580,09:30:26,限价
600015,华夏银行,方正证券,20818443_00,证券被动投资01,106356.58,12.38,8591,159.53487,634555,2043,09:31:47,限价
600015,华夏银行,方正证券,20818443_00,证券被动投资01,12380,12.38,1000,18.57,634554,2043,09:31:47,限价
600015,华夏银行,方正证券,20818443_00,证券被动投资01,118959.42,12.38,9609,178.43913,634553,2043,09:31:47,限价
600011,华能国际,方正证券,20818443_00,证券被动投资01,25296,8.16,3100,12.648,270842,1160,09:30:05,限价
600011,华能国际,方正证券,20818443_00,证券被动投资01,816,8.16,100,0.408,268778,1160,09:30:05,限价
600011,华能国际,方正证券,20818443_00,证券被动投资01,1632,8.16,200,0.816,268777,1160,09:30:05,限价
600011,华能国际,方正证券,20818443_00,证券被动投资01,8160,8.16,1000,4.08,265322,1160,09:30:05,限价
600011,华能国际,方正证券,20818443_00,证券被动投资01,11424,8.16,1400,5.712,265321,1160,09:30:05,限价
600010,包钢股份,方正证券,20818443_00,证券被动投资01,10132,5.96,1700,15.198,944132,2442,09:33:16,限价
600010,包钢股份,方正证券,20818443_00,证券被动投资01,5960,5.96,1000,8.94,943832,2442,09:33:16,限价
600004,白云机场,方正证券,20818443_00,证券被动投资01,19504,12.19,1600,29.256,634010,2032,09:31:47,限价
600000,浦发银行,方正证券,20818443_00,证券被动投资01,169568,15.14,11200,254.352,374191,1626,09:30:20,限价
600000,浦发银行,方正证券,20818443_00,证券被动投资01,15140,15.14,1000,22.71,372898,1626,09:30:19,限价
600000,浦发银行,方正证券,20818443_00,证券被动投资01,15140,15.14,1000,22.71,372661,1626,09:30:19,限价
600000,浦发银行,方正证券,20818443_00,证券被动投资01,10598,15.14,700,15.897,372658,1626,09:30:19,限价
